﻿<systemInfo osVersion="6.3" winDir="C:\WINDOWS" machineName="UK-FPH-BI-11597" processorArchitecture="x86" msdeployVersion="1.0" buildVersion="7.1.1962.0">
  <iisSystemInfo iisMajorVersion="10" iisMinorVersion="0">
    <aspNetVersionInfo>
      <aspNetVersion version="2.0.50727.0" />
      <aspNetVersion version="4.0.30319.0" />
    </aspNetVersionInfo>
    <installedComponentInfo>
      <installedComponent name="ASP" installed="False" />
      <installedComponent name="ASPNET" installed="False" />
      <installedComponent name="Authorization" installed="False" />
      <installedComponent name="BasicAuthentication" installed="False" />
      <installedComponent name="CGI" installed="False" />
      <installedComponent name="ClientCertificateMappingAuthentication" installed="False" />
      <installedComponent name="CustomLogging" installed="False" />
      <installedComponent name="DefaultDocument" installed="True" />
      <installedComponent name="DigestAuthentication" installed="False" />
      <installedComponent name="DirectoryBrowse" installed="True" />
      <installedComponent name="FTPServer" installed="False" />
      <installedComponent name="HttpCompressionDynamic" installed="False" />
      <installedComponent name="HttpCompressionStatic" installed="True" />
      <installedComponent name="IPSecurity" installed="False" />
      <installedComponent name="IISCertificateMappingAuthentication" installed="False" />
      <installedComponent name="HttpTracing" installed="False" />
      <installedComponent name="HttpRedirect" installed="False" />
      <installedComponent name="HttpLogging" installed="True" />
      <installedComponent name="HttpErrors" installed="True" />
      <installedComponent name="ISAPIExtensions" installed="False" />
      <installedComponent name="ISAPIFilter" installed="False" />
      <installedComponent name="LoggingLibraries" installed="False" />
      <installedComponent name="Metabase" installed="False" />
      <installedComponent name="NetFxEnvironment" installed="False" />
      <installedComponent name="NetFxExtensibility" installed="False" />
      <installedComponent name="ODBCLogging" installed="False" />
      <installedComponent name="ProcessModel" installed="True" />
      <installedComponent name="RequestFiltering" installed="True" />
      <installedComponent name="RequestMonitor" installed="False" />
      <installedComponent name="ServerSideInclude" installed="False" />
      <installedComponent name="StaticContent" installed="True" />
      <installedComponent name="W3SVC" installed="True" />
      <installedComponent name="WindowsAuthentication" installed="False" />
      <installedComponent name="CertProvider" installed="False" />
      <installedComponent name="AppWarmUpBeta" installed="False" />
      <installedComponent name="dynamicIPRestrictionsBeta" installed="False" />
    </installedComponentInfo>
  </iisSystemInfo>
</systemInfo>